<?xml version="1.0" encoding="UTF-8"?>
<office:document-content xmlns:officeooo="http://openoffice.org/2009/office" xmlns:css3t="http://www.w3.org/TR/css3-text/" xmlns:grddl="http://www.w3.org/2003/g/data-view#" xmlns:xhtml="http://www.w3.org/1999/xhtml" xmlns:formx="urn:openoffice:names:experimental:ooxml-odf-interop:xmlns:form:1.0" xmlns:xsi="http://www.w3.org/2001/XMLSchema-instance" xmlns:rpt="http://openoffice.org/2005/report" xmlns:dc="http://purl.org/dc/elements/1.1/" xmlns:chart="urn:oasis:names:tc:opendocument:xmlns:chart:1.0" xmlns:svg="urn:oasis:names:tc:opendocument:xmlns:svg-compatible:1.0" xmlns:draw="urn:oasis:names:tc:opendocument:xmlns:drawing:1.0" xmlns:text="urn:oasis:names:tc:opendocument:xmlns:text:1.0" xmlns:oooc="http://openoffice.org/2004/calc" xmlns:style="urn:oasis:names:tc:opendocument:xmlns:style:1.0" xmlns:ooow="http://openoffice.org/2004/writer" xmlns:meta="urn:oasis:names:tc:opendocument:xmlns:meta:1.0" xmlns:xlink="http://www.w3.org/1999/xlink" xmlns:fo="urn:oasis:names:tc:opendocument:xmlns:xsl-fo-compatible:1.0" xmlns:ooo="http://openoffice.org/2004/office" xmlns:office="urn:oasis:names:tc:opendocument:xmlns:office:1.0" xmlns:dr3d="urn:oasis:names:tc:opendocument:xmlns:dr3d:1.0" xmlns:table="urn:oasis:names:tc:opendocument:xmlns:table:1.0" xmlns:number="urn:oasis:names:tc:opendocument:xmlns:datastyle:1.0" xmlns:of="urn:oasis:names:tc:opendocument:xmlns:of:1.2" xmlns:calcext="urn:org:documentfoundation:names:experimental:calc:xmlns:calcext:1.0" xmlns:tableooo="http://openoffice.org/2009/table" xmlns:drawooo="http://openoffice.org/2010/draw" xmlns:loext="urn:org:documentfoundation:names:experimental:office:xmlns:loext:1.0" xmlns:dom="http://www.w3.org/2001/xml-events" xmlns:field="urn:openoffice:names:experimental:ooo-ms-interop:xmlns:field:1.0" xmlns:xsd="http://www.w3.org/2001/XMLSchema" xmlns:math="http://www.w3.org/1998/Math/MathML" xmlns:form="urn:oasis:names:tc:opendocument:xmlns:form:1.0" xmlns:script="urn:oasis:names:tc:opendocument:xmlns:script:1.0" xmlns:xforms="http://www.w3.org/2002/xforms" office:version="1.3"><office:scripts/><office:font-face-decls><style:font-face style:name="Loma" svg:font-family="Loma"/><style:font-face style:name="Noto Sans CJK SC" svg:font-family="&apos;Noto Sans CJK SC&apos;" style:font-family-generic="system" style:font-pitch="variable"/><style:font-face style:name="Noto Serif CJK SC" svg:font-family="&apos;Noto Serif CJK SC&apos;" style:font-family-generic="system" style:font-pitch="variable"/></office:font-face-decls><office:automatic-styles><style:style style:name="P1" style:family="paragraph" style:parent-style-name="Contents_20_1"><style:paragraph-properties><style:tab-stops><style:tab-stop style:position="6.6929in" style:type="right" style:leader-style="dotted" style:leader-text="."/></style:tab-stops></style:paragraph-properties></style:style><style:style style:name="P2" style:family="paragraph" style:parent-style-name="Heading_20_1"><style:text-properties officeooo:rsid="001650c9" officeooo:paragraph-rsid="001650c9"/></style:style><style:style style:name="P3" style:family="paragraph" style:parent-style-name="Heading_20_1"><style:text-properties officeooo:rsid="00184614" officeooo:paragraph-rsid="00184614"/></style:style><style:style style:name="P4" style:family="paragraph" style:parent-style-name="Subtitle"><style:text-properties officeooo:rsid="0019a79a" officeooo:paragraph-rsid="0019a79a"/></style:style><style:style style:name="P5" style:family="paragraph" style:parent-style-name="Text_20_body"><style:text-properties officeooo:rsid="00155f48" officeooo:paragraph-rsid="00155f48"/></style:style><style:style style:name="P6" style:family="paragraph" style:parent-style-name="Text_20_body"><style:text-properties officeooo:rsid="001650c9" officeooo:paragraph-rsid="001650c9"/></style:style><style:style style:name="P7" style:family="paragraph" style:parent-style-name="Text_20_body"><style:text-properties officeooo:rsid="00184614" officeooo:paragraph-rsid="00184614"/></style:style><style:style style:name="P8" style:family="paragraph" style:parent-style-name="Title"><style:text-properties officeooo:rsid="00155f48" officeooo:paragraph-rsid="00155f48"/></style:style><style:style style:name="T1" style:family="text"><style:text-properties officeooo:rsid="0019a79a"/></style:style><style:style style:name="Sect1" style:family="section"><style:section-properties style:editable="false"><style:columns fo:column-count="1" fo:column-gap="0in"/></style:section-properties></style:style></office:automatic-styles><office:body><office:text text:use-soft-page-breaks="true"><text:sequence-decls><text:sequence-decl text:display-outline-level="0" text:name="Illustration"/><text:sequence-decl text:display-outline-level="0" text:name="Table"/><text:sequence-decl text:display-outline-level="0" text:name="Text"/><text:sequence-decl text:display-outline-level="0" text:name="Drawing"/><text:sequence-decl text:display-outline-level="0" text:name="Figure"/></text:sequence-decls><text:p text:style-name="P8">business plan</text:p><text:p text:style-name="P4">of</text:p><text:p text:style-name="P4">Company Name</text:p><text:p text:style-name="P5"/><text:table-of-content text:style-name="Sect1" text:protected="true" text:name="Table of Contents1"><text:table-of-content-source text:outline-level="10"><text:index-title-template text:style-name="Contents_20_Heading">Table of Contents</text:index-title-template><text:table-of-content-entry-template text:outline-level="1" text:style-name="Contents_20_1"><text:index-entry-link-start text:style-name="Index_20_Link"/><text:index-entry-chapter/><text:index-entry-text/><text:index-entry-tab-stop style:type="right" style:leader-char="."/><text:index-entry-page-number/><text:index-entry-link-end/></text:table-of-content-entry-template><text:table-of-content-entry-template text:outline-level="2" text:style-name="Contents_20_2"><text:index-entry-link-start text:style-name="Index_20_Link"/><text:index-entry-chapter/><text:index-entry-text/><text:index-entry-tab-stop style:type="right" style:leader-char="."/><text:index-entry-page-number/><text:index-entry-link-end/></text:table-of-content-entry-template><text:table-of-content-entry-template text:outline-level="3" text:style-name="Contents_20_3"><text:index-entry-link-start text:style-name="Index_20_Link"/><text:index-entry-chapter/><text:index-entry-text/><text:index-entry-tab-stop style:type="right" style:leader-char="."/><text:index-entry-page-number/><text:index-entry-link-end/></text:table-of-content-entry-template><text:table-of-content-entry-template text:outline-level="4" text:style-name="Contents_20_4"><text:index-entry-link-start text:style-name="Index_20_Link"/><text:index-entry-chapter/><text:index-entry-text/><text:index-entry-tab-stop style:type="right" style:leader-char="."/><text:index-entry-page-number/><text:index-entry-link-end/></text:table-of-content-entry-template><text:table-of-content-entry-template text:outline-level="5" text:style-name="Contents_20_5"><text:index-entry-link-start text:style-name="Index_20_Link"/><text:index-entry-chapter/><text:index-entry-text/><text:index-entry-tab-stop style:type="right" style:leader-char="."/><text:index-entry-page-number/><text:index-entry-link-end/></text:table-of-content-entry-template><text:table-of-content-entry-template text:outline-level="6" text:style-name="Contents_20_6"><text:index-entry-link-start text:style-name="Index_20_Link"/><text:index-entry-chapter/><text:index-entry-text/><text:index-entry-tab-stop style:type="right" style:leader-char="."/><text:index-entry-page-number/><text:index-entry-link-end/></text:table-of-content-entry-template><text:table-of-content-entry-template text:outline-level="7" text:style-name="Contents_20_7"><text:index-entry-link-start text:style-name="Index_20_Link"/><text:index-entry-chapter/><text:index-entry-text/><text:index-entry-tab-stop style:type="right" style:leader-char="."/><text:index-entry-page-number/><text:index-entry-link-end/></text:table-of-content-entry-template><text:table-of-content-entry-template text:outline-level="8" text:style-name="Contents_20_8"><text:index-entry-link-start text:style-name="Index_20_Link"/><text:index-entry-chapter/><text:index-entry-text/><text:index-entry-tab-stop style:type="right" style:leader-char="."/><text:index-entry-page-number/><text:index-entry-link-end/></text:table-of-content-entry-template><text:table-of-content-entry-template text:outline-level="9" text:style-name="Contents_20_9"><text:index-entry-link-start text:style-name="Index_20_Link"/><text:index-entry-chapter/><text:index-entry-text/><text:index-entry-tab-stop style:type="right" style:leader-char="."/><text:index-entry-page-number/><text:index-entry-link-end/></text:table-of-content-entry-template><text:table-of-content-entry-template text:outline-level="10" text:style-name="Contents_20_10"><text:index-entry-link-start text:style-name="Index_20_Link"/><text:index-entry-chapter/><text:index-entry-text/><text:index-entry-tab-stop style:type="right" style:leader-char="."/><text:index-entry-page-number/><text:index-entry-link-end/></text:table-of-content-entry-template></text:table-of-content-source><text:index-body><text:index-title text:style-name="Sect1" text:name="Table of Contents1_Head"><text:p text:style-name="Contents_20_Heading">Table of Contents</text:p></text:index-title><text:p text:style-name="P1"><text:a xlink:type="simple" xlink:href="#__RefHeading___Toc106_3229155643" text:style-name="Index_20_Link" text:visited-style-name="Index_20_Link">idea<text:tab/>1</text:a></text:p><text:p text:style-name="P1"><text:a xlink:type="simple" xlink:href="#__RefHeading___Toc108_3229155643" text:style-name="Index_20_Link" text:visited-style-name="Index_20_Link">product/services<text:tab/>1</text:a></text:p><text:p text:style-name="P1"><text:a xlink:type="simple" xlink:href="#__RefHeading___Toc110_3229155643" text:style-name="Index_20_Link" text:visited-style-name="Index_20_Link">market<text:tab/>2</text:a></text:p><text:p text:style-name="P1"><text:a xlink:type="simple" xlink:href="#__RefHeading___Toc112_3229155643" text:style-name="Index_20_Link" text:visited-style-name="Index_20_Link">marketing plan<text:tab/>2</text:a></text:p><text:p text:style-name="P1"><text:a xlink:type="simple" xlink:href="#__RefHeading___Toc114_3229155643" text:style-name="Index_20_Link" text:visited-style-name="Index_20_Link">financial plan<text:tab/>2</text:a></text:p><text:p text:style-name="P1"><text:a xlink:type="simple" xlink:href="#__RefHeading___Toc116_3229155643" text:style-name="Index_20_Link" text:visited-style-name="Index_20_Link">exit plan<text:tab/>2</text:a></text:p><text:p text:style-name="P1"><text:a xlink:type="simple" xlink:href="#__RefHeading___Toc118_3229155643" text:style-name="Index_20_Link" text:visited-style-name="Index_20_Link">founders &amp; management<text:tab/>2</text:a></text:p><text:p text:style-name="P1"><text:a xlink:type="simple" xlink:href="#__RefHeading___Toc120_3229155643" text:style-name="Index_20_Link" text:visited-style-name="Index_20_Link">operation plan<text:tab/>3</text:a></text:p><text:p text:style-name="P1"><text:a xlink:type="simple" xlink:href="#__RefHeading___Toc122_3229155643" text:style-name="Index_20_Link" text:visited-style-name="Index_20_Link">principle/philosophy<text:tab/>3</text:a></text:p><text:p text:style-name="P1"><text:a xlink:type="simple" xlink:href="#__RefHeading___Toc124_3229155643" text:style-name="Index_20_Link" text:visited-style-name="Index_20_Link">why this business plan?<text:tab/>3</text:a></text:p><text:p text:style-name="P1"><text:a xlink:type="simple" xlink:href="#__RefHeading___Toc126_3229155643" text:style-name="Index_20_Link" text:visited-style-name="Index_20_Link">contact<text:tab/>3</text:a></text:p><text:p text:style-name="P1"><text:a xlink:type="simple" xlink:href="#__RefHeading___Toc128_3229155643" text:style-name="Index_20_Link" text:visited-style-name="Index_20_Link">disclaimer<text:tab/>3</text:a></text:p></text:index-body></text:table-of-content><text:p text:style-name="P5"/><text:p text:style-name="P5"/><text:h text:style-name="Heading_20_1" text:outline-level="1"><text:bookmark-start text:name="__RefHeading___Toc106_3229155643"/>idea<text:bookmark-end text:name="__RefHeading___Toc106_3229155643"/></text:h><text:p text:style-name="P5">อธิบายไอเดีย ของธุรกิจ</text:p><text:p text:style-name="P5"/><text:h text:style-name="P2" text:outline-level="1"><text:bookmark-start text:name="__RefHeading___Toc108_3229155643"/><text:soft-page-break/>product/services<text:bookmark-end text:name="__RefHeading___Toc108_3229155643"/></text:h><text:p text:style-name="P6">อธิบายเกี่ยวกับสินค้า/บริการ ว่าคืออะไร ทำไมต้องมีสิ่งนี้</text:p><text:p text:style-name="P6"/><text:h text:style-name="P2" text:outline-level="1"><text:bookmark-start text:name="__RefHeading___Toc110_3229155643"/>market<text:bookmark-end text:name="__RefHeading___Toc110_3229155643"/></text:h><text:p text:style-name="P6">ตลาดเป็นอย่างไร มูลค่าทางตลาด/เศรษฐกิจ ทิศทาง ธุรกิจนี้จะเติบโตไปอย่างไร</text:p><text:p text:style-name="P6"/><text:h text:style-name="P3" text:outline-level="1"><text:bookmark-start text:name="__RefHeading___Toc112_3229155643"/>marketing plan<text:bookmark-end text:name="__RefHeading___Toc112_3229155643"/></text:h><text:p text:style-name="P7">แผนการตลาด</text:p><text:p text:style-name="P6"/><text:h text:style-name="P3" text:outline-level="1"><text:bookmark-start text:name="__RefHeading___Toc114_3229155643"/>financial plan<text:bookmark-end text:name="__RefHeading___Toc114_3229155643"/></text:h><text:p text:style-name="P7">แผนการเงิน 5 ปี, funding, p&amp;l, </text:p><text:p text:style-name="P7"/><text:h text:style-name="P3" text:outline-level="1"><text:bookmark-start text:name="__RefHeading___Toc116_3229155643"/>exit plan<text:bookmark-end text:name="__RefHeading___Toc116_3229155643"/></text:h><text:p text:style-name="P7">investor จะสามารถ exit ได้อย่างไร</text:p><text:p text:style-name="P7"/><text:h text:style-name="P3" text:outline-level="1"><text:bookmark-start text:name="__RefHeading___Toc118_3229155643"/>founders &amp; management<text:bookmark-end text:name="__RefHeading___Toc118_3229155643"/></text:h><text:p text:style-name="P7">ทีมบริหาร โครงสร้างองค์กร, staffing</text:p><text:p text:style-name="P7"/><text:h text:style-name="P3" text:outline-level="1"><text:bookmark-start text:name="__RefHeading___Toc120_3229155643"/><text:soft-page-break/>operation plan<text:bookmark-end text:name="__RefHeading___Toc120_3229155643"/></text:h><text:p text:style-name="P7">การจัดตั้งบริษัท ดำเนินธุรกิจ</text:p><text:p text:style-name="P7"/><text:h text:style-name="P3" text:outline-level="1"><text:bookmark-start text:name="__RefHeading___Toc122_3229155643"/>principle/<text:span text:style-name="T1">philosophy</text:span><text:bookmark-end text:name="__RefHeading___Toc122_3229155643"/></text:h><text:p text:style-name="P7">หลักในการดำเนินธุรกิจนี้</text:p><text:p text:style-name="P7"/><text:h text:style-name="P3" text:outline-level="1"><text:bookmark-start text:name="__RefHeading___Toc124_3229155643"/>why this business plan?<text:bookmark-end text:name="__RefHeading___Toc124_3229155643"/></text:h><text:p text:style-name="P7">ทำไมจึงต้องลงทุนในแผนธุรกิจนี้</text:p><text:p text:style-name="P7"/><text:h text:style-name="P3" text:outline-level="1"><text:bookmark-start text:name="__RefHeading___Toc126_3229155643"/>contact<text:bookmark-end text:name="__RefHeading___Toc126_3229155643"/></text:h><text:p text:style-name="P7">ติดต่อผู้จัดทำแผน</text:p><text:p text:style-name="P7"/><text:h text:style-name="P3" text:outline-level="1"><text:bookmark-start text:name="__RefHeading___Toc128_3229155643"/>disclaimer<text:bookmark-end text:name="__RefHeading___Toc128_3229155643"/></text:h><text:p text:style-name="P7">เงื่อนไขในเอกสาร</text:p></office:text></office:body></office:document-content>